,Name,Acronym,Simple,NoSpace,Subreddits
7,Auburn University at Montgomery,AUaM,Auburn,AuburnUniversityatMontgomery,auburn
8,Auburn University,AU,Auburn,AuburnUniversity,auburn
10,Concordia College Alabama,CCA,Concordia,ConcordiaCollegeAlabama,Concordia
17,University of Mobile,UoM,Mobile,UniversityofMobile,Universityofmobile
18,University of Montevallo,UoM,Montevallo,UniversityofMontevallo,Montevallo
21,Samford University,SU,Samford,SamfordUniversity,SamfordUniversity
23,Spring Hill College,SHC,Spring Hill,SpringHillCollege,SpringHillCollege
26,Troy University,TU,Troy,TroyUniversity,TroyUniversity
31,Alaska Pacific University,APU,Alaska Pacific,AlaskaPacificUniversity,apu
36,Northern Arizona University,NAU,Northern Arizona,NorthernArizonaUniversity,NAU
43,University of Arkansas,UoA,Arkansas,UniversityofArkansas,UniversityofArkansas
50,Harding University,HU,Harding,HardingUniversity,hardinguniversity
60,Azusa Pacific University,APU,Azusa Pacific,AzusaPacificUniversity,apu
68,California State University-Bakersfield,CSUB,California State,CaliforniaStateUniversity-Bakersfield,CSUB
69,California State University-Stanislaus,CSUS,California State,CaliforniaStateUniversity-Stanislaus,CSUS
78,California State University-Los Angeles,CSULA,California State,CaliforniaStateUniversity-LosAngeles,CSULA
79,California State University-Northridge,CSUN,California State,CaliforniaStateUniversity-Northridge,csun
80,California State University-Sacramento,CSUS,California State,CaliforniaStateUniversity-Sacramento,CSUS
90,Chapman University,CU,Chapman,ChapmanUniversity,chapmanuniversity
91,Concordia University-Irvine,CUI,Concordia,ConcordiaUniversity-Irvine,Concordia
100,Harvey Mudd College,HMC,Harvey Mudd,HarveyMuddCollege,HarveyMuddCollege
107,Lincoln University,LU,Lincoln,LincolnUniversity,LincolnUniversity
108,La Sierra University,LSU,La Sierra,LaSierraUniversity,LaSierraUniversity
110,Loyola Marymount University,LMU,Loyola Marymount,LoyolaMarymountUniversity,LMU
115,National University,NU,National,NationalUniversity,nationaluniversity
122,Pitzer College,PC,Pitzer,PitzerCollege,pitzercollege
124,Pomona College,PC,Pomona,PomonaCollege,pomonacollege
128,San Francisco State University,SFSU,San Francisco State,SanFranciscoStateUniversity,SFSU
130,San Jose State University,SJSU,San Jose State,SanJoseStateUniversity,SJSU
131,Santa Clara University,SCU,Santa Clara,SantaClaraUniversity,SCU
132,Scripps College,SC,Scripps,ScrippsCollege,scrippscollege
133,Simpson University,SU,Simpson,SimpsonUniversity,simpson
139,Westmont College,WC,Westmont,WestmontCollege,WestmontCollege
140,Whittier College,WC,Whittier,WhittierCollege,whittiercollege
141,Woodbury University,WU,Woodbury,WoodburyUniversity,WoodburyUniversity
147,Colorado College,CC,Colorado,ColoradoCollege,coloradocollege
148,Colorado School of Mines,CSoM,Mines,ColoradoSchoolofMines,ColoradoSchoolOfMines
150,College America-Denver,CAD,,CollegeAmerica-Denver,cad
151,University of Denver,UoD,Denver,UniversityofDenver,universityofdenver
152,Fort Lewis College,FLC,Fort Lewis,FortLewisCollege,FortLewisCollege
155,Naropa University,NU,Naropa,NaropaUniversity,NaropaUniversity
157,Regis University,RU,Regis,RegisUniversity,RegisUniversity
164,Connecticut College,CC,Connecticut,ConnecticutCollege,ConnecticutCollege
172,Quinnipiac University,QU,Quinnipiac,QuinnipiacUniversity,Quinnipiac
176,Trinity College,TC,Trinity,TrinityCollege,trinitycollege
177,Wesleyan University,WU,Wesleyan,WesleyanUniversity,Wesleyan
179,Yale University,YU,Yale,YaleUniversity,yale
182,Wesley College,WC,Wesley,WesleyCollege,wesleycollege
184,American University,AU,American,AmericanUniversity,americanuniversity
188,George Washington University,GWU,George Washington,GeorgeWashingtonUniversity,gwu
189,Georgetown University,GU,Georgetown,GeorgetownUniversity,georgetown
190,Howard University,HU,Howard,HowardUniversity,HowardUniversity
194,Lynn University,LU,Lynn,LynnUniversity,LynnUniversity
198,Eckerd College,EC,Eckerd,EckerdCollege,eckerdcollege
204,Florida College,FC,Florida,FloridaCollege,FloridaCollege
206,Florida International University,FIU,Florida International,FloridaInternationalUniversity,FIU
210,University of Florida,UoF,Florida,UniversityofFlorida,UniversityofFlorida
215,University of Miami,UoM,Miami,UniversityofMiami,UniversityofMiami
219,Palm Beach Atlantic University,PBAU,Palm Beach Atlantic,PalmBeachAtlanticUniversity,PBAU
220,Rollins College,RC,Rollins,RollinsCollege,RollinsCollege
221,Saint Leo University,SLU,Saint Leo,SaintLeoUniversity,SaintLeoUniversity
222,St Petersburg College,SPC,St Petersburg,StPetersburgCollege,Spc
225,Stetson University,SU,Stetson,StetsonUniversity,StetsonUniversity
236,Berry College,BC,Berry,BerryCollege,BerryCollege
244,Emory University,EU,Emory,EmoryUniversity,Emory
249,Georgia Southern University,GSU,Georgia Southern,GeorgiaSouthernUniversity,GSU
250,Georgia State University,GSU,Georgia State,GeorgiaStateUniversity,GSU
254,Life University,LU,Life,LifeUniversity,LifeUniversity
255,Mercer University,MU,Mercer,MercerUniversity,mercer
258,Oglethorpe University,OU,Oglethorpe,OglethorpeUniversity,oglethorpe
267,Toccoa Falls College,TFC,Toccoa Falls,ToccoaFallsCollege,ToccoaFallsCollege
270,Wesleyan College,WC,Wesleyan,WesleyanCollege,Wesleyan
279,University of Idaho,UoI,Idaho,UniversityofIdaho,universityofidaho
281,Lewis-Clark State College,LCSC,Lewis-Clark State,Lewis-ClarkStateCollege,lcsc
287,Bradley University,BU,Bradley,BradleyUniversity,bradleyuniversity
289,University of Chicago,UoC,Chicago,UniversityofChicago,UniversityofChicago
290,Columbia College-Chicago,CCC,Columbia,ColumbiaCollege-Chicago,columbia
291,Concordia University-Chicago,CUC,Concordia,ConcordiaUniversity-Chicago,Concordia
294,Eastern Illinois University,EIU,Eastern Illinois,EasternIllinoisUniversity,EIU
295,Elmhurst College,EC,Elmhurst,ElmhurstCollege,ElmhurstCollege
298,Greenville College,GC,Greenville,GreenvilleCollege,greenvillecollege
307,Knox College,KC,Knox,KnoxCollege,KnoxCollege
309,Lewis University,LU,Lewis,LewisUniversity,lewisuniversity
314,Millikin University,MU,Millikin,MillikinUniversity,millikin
317,North Central College,NCC,North Central,NorthCentralCollege,NorthCentralCollege
318,North Park University,NPU,North Park,NorthParkUniversity,npu
319,Northern Illinois University,NIU,Northern Illinois,NorthernIllinoisUniversity,NIU
320,Northwestern University,NU,Northwestern,NorthwesternUniversity,Northwestern
321,Northeastern Illinois University,NIU,Northeastern Illinois,NortheasternIllinoisUniversity,NIU
326,Roosevelt University,RU,Roosevelt,RooseveltUniversity,Roosevelt
327,Dominican University,DU,Dominican,DominicanUniversity,dominicanuniversity
331,Shimer College,SC,Shimer,ShimerCollege,Shimer
333,Southern Illinois University-Edwardsville,SIUE,Southern Illinois,SouthernIllinoisUniversity-Edwardsville,SIUE
337,Wheaton College,WC,Wheaton,WheatonCollege,WheatonCollege
338,Anderson University,AU,Anderson,AndersonUniversity,AndersonUniversity
341,Butler University,BU,Butler,ButlerUniversity,butleruniversity
343,DePauw University,DU,DePauw,DePauwUniversity,DePauw
344,Earlham College,EC,Earlham,EarlhamCollege,EarlhamCollege
347,Goshen College,GC,Goshen,GoshenCollege,GoshenCollege
353,Indiana University-Purdue University-Indianapolis,IUPUI,Indiana,IndianaUniversity-PurdueUniversity-Indianapolis,IUPUI
369,Purdue University-Calumet Campus,PUCC,Purdue,PurdueUniversity-CalumetCampus,Purdue
370,Purdue University-North Central Campus,PUNCC,Purdue,PurdueUniversity-NorthCentralCampus,Purdue
375,Taylor University,TU,Taylor,TaylorUniversity,TaylorUniversity
376,Trine University,TU,Trine,TrineUniversity,TrineUniversity
383,Coe College,CC,Coe,CoeCollege,coecollege
384,Cornell College,CC,Cornell,CornellCollege,Cornell
386,Drake University,DU,Drake,DrakeUniversity,DrakeUniversity
393,University of Iowa,UoI,Iowa,UniversityofIowa,UniversityofIowa
400,Northwestern College,NC,Northwestern,NorthwesternCollege,Northwestern
402,Simpson College,SC,Simpson,SimpsonCollege,simpson
405,William Penn University,WPU,William Penn,WilliamPennUniversity,WilliamPennUniversity
408,Bethany College,BC,Bethany,BethanyCollege,BethanyCollege
414,Friends University,FU,Friends,FriendsUniversity,friendsuniversity
415,University of Kansas,UoK,Kansas,UniversityofKansas,UniversityofKansas
427,Tabor College,TC,Tabor,TaborCollege,TaborCollege
431,Asbury University,AU,Asbury,AsburyUniversity,AsburyUniversity
432,Bellarmine University,BU,Bellarmine,BellarmineUniversity,BellarmineUniversity
433,Berea College,BC,Berea,BereaCollege,berea
436,Centre College,CC,Centre,CentreCollege,Centre
437,University of the Cumberlands,UotC,the Cumberlands,UniversityoftheCumberlands,UOTC
439,Georgetown College,GC,Georgetown,GeorgetownCollege,georgetown
442,University of Kentucky,UoK,Kentucky,UniversityofKentucky,UniversityofKentucky
450,Northern Kentucky University,NKU,Northern Kentucky,NorthernKentuckyUniversity,NKU
456,Union College,UC,Union,UnionCollege,unioncollege
457,Western Kentucky University,WKU,Western Kentucky,WesternKentuckyUniversity,WKU
463,Louisiana State University-Shreveport,LSUS,Louisiana State,LouisianaStateUniversity-Shreveport,Lsus
469,Nicholls State University,NSU,Nicholls State,NichollsStateUniversity,NSU
488,University of Maine,UoM,Maine,UniversityofMaine,UniversityOfMaine
494,Thomas College,TC,Thomas,ThomasCollege,ThomasCollege
501,Goucher College,GC,Goucher,GoucherCollege,gouchercollege
503,Johns Hopkins University,JHU,Johns Hopkins,JohnsHopkinsUniversity,jhu
512,Salisbury University,SU,Salisbury,SalisburyUniversity,Salisbury
516,Towson University,TU,Towson,TowsonUniversity,TowsonUniversity
519,Washington College,WC,Washington,WashingtonCollege,WashingtonCollege
520,McDaniel College,MC,McDaniel,McDanielCollege,mcdanielcollege
522,Amherst College,AC,Amherst,AmherstCollege,amherstcollege
526,Becker College,BC,Becker,BeckerCollege,beckercollege
527,Bentley University,BU,Bentley,BentleyUniversity,BentleyUniversity
528,Boston College,BC,Boston,BostonCollege,bostoncollege
530,Brandeis University,BU,Brandeis,BrandeisUniversity,brandeis
535,Eastern Nazarene College,ENC,Eastern Nazarene,EasternNazareneCollege,ENC
536,Emerson College,EC,Emerson,EmersonCollege,EmersonCollege
538,Endicott College,EC,Endicott,EndicottCollege,EndicottCollege
543,Hampshire College,HC,Hampshire,HampshireCollege,HampshireCollege
544,Harvard University,HU,Harvard,HarvardUniversity,HarvardUniversity
546,Lasell College,LC,Lasell,LasellCollege,Lasell
553,Merrimack College,MC,Merrimack,MerrimackCollege,MerrimackCollege
562,Salem State University,SSU,Salem State,SalemStateUniversity,SalemStateUniversity
565,Smith College,SC,Smith,SmithCollege,smithcollege
568,Stonehill College,SC,Stonehill,StonehillCollege,StonehillCollege
570,Tufts University,TU,Tufts,TuftsUniversity,Tufts
571,Wellesley College,WC,Wellesley,WellesleyCollege,WellesleyCollege
575,Wheaton College,WC,Wheaton,WheatonCollege,WheatonCollege
577,Williams College,WC,Williams,WilliamsCollege,WilliamsCollege
582,Alma College,AC,Alma,AlmaCollege,almacollege
587,Calvin College,CC,Calvin,CalvinCollege,calvincollege
588,Central Michigan University,CMU,Central Michigan,CentralMichiganUniversity,cmu
589,Concordia University-Ann Arbor,CUAA,Concordia,ConcordiaUniversity-AnnArbor,Concordia
590,Davenport University,DU,Davenport,DavenportUniversity,davenportuniversity
592,Eastern Michigan University,EMU,Eastern Michigan,EasternMichiganUniversity,emu
593,Ferris State University,FSU,Ferris State,FerrisStateUniversity,FerrisStateUniversity
594,Kettering University,KU,Kettering,KetteringUniversity,Kettering
596,Cornerstone University,CU,Cornerstone,CornerstoneUniversity,cornerstoneuniversity
597,Grand Valley State University,GVSU,Grand Valley State,GrandValleyStateUniversity,GVSU
598,Hope College,HC,Hope,HopeCollege,hopecollege
602,Madonna University,MU,Madonna,MadonnaUniversity,MadonnaUniversity
606,Michigan State University,MSU,Michigan State,MichiganStateUniversity,msu
612,Oakland University,OU,Oakland,OaklandUniversity,oaklanduniversity
626,Concordia College at Moorhead,CCaM,Concordia,ConcordiaCollegeatMoorhead,Concordia
627,Concordia University-Saint Paul,CUSP,Concordia,ConcordiaUniversity-SaintPaul,Concordia
630,Hamline University,HU,Hamline,HamlineUniversity,Hamline
646,Crown College,CC,Crown,CrownCollege,CrownCollege
648,University of St Thomas,UoST,St Thomas,UniversityofStThomas,UniversityOfStThomas
649,St Catherine University,SCU,St Catherine,StCatherineUniversity,SCU
651,Winona State University,WSU,Winona State,WinonaStateUniversity,WinonaStateUniversity
660,Mississippi Valley State University,MVSU,Mississippi Valley State,MississippiValleyStateUniversity,MVSU
670,Columbia College,CC,Columbia,ColumbiaCollege,columbia
672,Drury University,DU,Drury,DruryUniversity,DruryUniversity
677,Lincoln University,LU,Lincoln,LincolnUniversity,LincolnUniversity
688,Truman State University,TSU,Truman State,TrumanStateUniversity,trumanstateuniversity
693,Saint Louis University,SLU,Saint Louis,SaintLouisUniversity,saintlouisuniversity
699,Webster University,WU,Webster,WebsterUniversity,websteruniversity
700,Westminster College,WC,Westminster,WestminsterCollege,WestminsterCollege
712,Bellevue University,BU,Bellevue,BellevueUniversity,BellevueUniversity
714,Concordia University-Nebraska,CUN,Concordia,ConcordiaUniversity-Nebraska,Concordia
715,Creighton University,CU,Creighton,CreightonUniversity,Creighton
718,Hastings College,HC,Hastings,HastingsCollege,HastingsCollege
726,Union College,UC,Union,UnionCollege,unioncollege
734,Dartmouth College,DC,Dartmouth,DartmouthCollege,dartmouth
737,Southern New Hampshire University,SNHU,Southern New Hampshire,SouthernNewHampshireUniversity,SNHU
739,Keene State College,KSC,Keene State,KeeneStateCollege,KeeneStateCollege
743,Saint Anselm College,SAC,Saint Anselm,SaintAnselmCollege,saintanselmcollege
749,Drew University,DU,Drew,DrewUniversity,drewuniversity
754,Rowan University,RU,Rowan,RowanUniversity,RowanUniversity
756,Kean University,KU,Kean,KeanUniversity,KeanUniversity
757,Monmouth University,MU,Monmouth,MonmouthUniversity,MonmouthUniversity
762,Rider University,RU,Rider,RiderUniversity,RiderUniversity
763,Rutgers University-Camden,RUC,Rutgers,RutgersUniversity-Camden,rutgers
764,Rutgers University-New Brunswick,RUNB,Rutgers,RutgersUniversity-NewBrunswick,rutgers
765,Rutgers University-Newark,RUN,Rutgers,RutgersUniversity-Newark,rutgers
767,Seton Hall University,SHU,Seton Hall,SetonHallUniversity,SHU
775,New Mexico Highlands University,NMHU,New Mexico Highlands,NewMexicoHighlandsUniversity,NMHU
783,Adelphi University,AU,Adelphi,AdelphiUniversity,AdelphiUniversity
785,Bard College,BC,Bard,BardCollege,bardcollege
794,Concordia College-New York,CCNY,Concordia,ConcordiaCollege-NewYork,Concordia
796,Cornell University,CU,Cornell,CornellUniversity,Cornell
810,Daemen College,DC,Daemen,DaemenCollege,daemencollege
816,Hamilton College,HC,Hamilton,HamiltonCollege,hamiltoncollege
820,Hofstra University,HU,stra University,HofstraUniversity,HofstraUniversity
821,Houghton College,HC,Houghton,HoughtonCollege,houghtoncollege
822,Iona College,IC,Iona,IonaCollege,IonaCollege
823,Ithaca College,IC,Ithaca,IthacaCollege,IthacaCollege
825,Le Moyne College,LMC,Le Moyne,LeMoyneCollege,LMC
829,Manhattan College,MC,Manhattan,ManhattanCollege,ManhattanCollege
830,Manhattanville College,MC,Manhattanville,ManhattanvilleCollege,Manhattanville
834,Mercy College,MC,Mercy,MercyCollege,mercycollege
835,Molloy College,MC,Molloy,MolloyCollege,MolloyCollege
838,Nazareth College,NC,Nazareth,NazarethCollege,NazarethCollege
840,The New School,TNS,New Rochelle,TheNewSchool,TheNewSchool
841,New York University,NYU,New York,NewYorkUniversity,nyu
842,Niagara University,NU,Niagara,NiagaraUniversity,Niagarauniversity
845,Pace University-New York,PUNY,Pace,PaceUniversity-NewYork,pace
851,University of Rochester,UoR,Rochester,UniversityofRochester,UniversityofRochester
853,St Bonaventure University,SBU,St Bonaventure,StBonaventureUniversity,SBU
859,Siena College,SC,Siena,SienaCollege,siena
872,University at Buffalo,UaB,,UniversityatBuffalo,UAB
873,Stony Brook University,SBU,Stony Brook,StonyBrookUniversity,SBU
876,SUNY College at Brockport,SCaB,SUNY,SUNYCollegeatBrockport,suny
877,Buffalo State SUNY,BSS,SUNY,BuffaloStateSUNY,suny
878,SUNY College at Cortland,SCaC,SUNY,SUNYCollegeatCortland,suny
879,SUNY at Fredonia,SaF,SUNY,SUNYatFredonia,suny
880,SUNY College at Geneseo,SCaG,SUNY,SUNYCollegeatGeneseo,suny
882,SUNY Oneonta,SO,New York at New Paltz,SUNYOneonta,SUNYOneonta
883,SUNY College at Oswego,SCaO,SUNY,SUNYCollegeatOswego,suny
884,SUNY College at Potsdam,SCaP,SUNY,SUNYCollegeatPotsdam,suny
886,SUNY College at Old Westbury,SCaOW,SUNY,SUNYCollegeatOldWestbury,suny
887,SUNY College at Plattsburgh,SCaP,SUNY,SUNYCollegeatPlattsburgh,suny
890,Syracuse University,SU,Syracuse,SyracuseUniversity,SyracuseUniversity
892,Touro College,TC,Touro,TouroCollege,TouroCollege
894,Union College,UC,Union,UnionCollege,unioncollege
897,Vassar College,VC,Vassar,VassarCollege,vassar
898,Wagner College,WC,Wagner,WagnerCollege,WagnerCollege
910,Duke University,DU,Duke,DukeUniversity,duke
913,Elon University,EU,Elon,ElonUniversity,elon
916,Greensboro College,GC,Greensboro,GreensboroCollege,Greensborocollege
918,High Point University,HPU,High Point,HighPointUniversity,HPU
933,North Carolina Central University,NCCU,North Carolina Central,NorthCarolinaCentralUniversity,NCCU
946,Wake Forest University,WFU,Wake Forest,WakeForestUniversity,wfu
947,Warren Wilson College,WWC,Warren Wilson,WarrenWilsonCollege,wwc
955,Minot State University,MSU,Minot State,MinotStateUniversity,MinotStateUniversity
966,Cedarville University,CU,Cedarville,CedarvilleUniversity,CedarvilleUniversity
973,Denison University,DU,Denison,DenisonUniversity,Denison
975,Heidelberg University,HU,Heidelberg,HeidelbergUniversity,HeidelbergUniversity
980,Kenyon College,KC,Kenyon,KenyonCollege,Kenyon
981,Lake Erie College,LEC,Lake Erie,LakeErieCollege,LEC
990,Notre Dame College,NDC,Notre Dame,NotreDameCollege,NotreDameCollege
1006,University of Toledo,UoT,Toledo,UniversityofToledo,UniversityOfToledo
1011,Wilberforce University,WU,Wilberforce,WilberforceUniversity,Wilberforce
1014,The College of Wooster,TCoW,Wooster,TheCollegeofWooster,Wooster
1016,Xavier University,XU,Xavier,XavierUniversity,XavierUniversity
1017,Youngstown State University,YSU,Youngstown State,YoungstownStateUniversity,YSU
1018,Bacone College,BC,Bacone,BaconeCollege,BaconeCollege
1023,East Central University,ECU,East Central,EastCentralUniversity,EastCentralUniversity
1034,Rogers State University,RSU,Rogers State,RogersStateUniversity,RogersStateUniversity
1041,Concordia University-Portland,CUP,Concordia,ConcordiaUniversity-Portland,Concordia
1049,Oregon State University,OSU,Oregon State,OregonStateUniversity,OregonStateUniversity
1050,University of Oregon,UoO,Oregon,UniversityofOregon,UniversityofOregon
1051,Pacific University,PU,Pacific,PacificUniversity,pacificuniversity
1053,University of Portland,UoP,Portland,UniversityofPortland,universityofportland
1054,Reed College,RC,Reed,ReedCollege,reedcollege
1059,Western Oregon University,WOU,Western Oregon,WesternOregonUniversity,wou
1065,Arcadia University,AU,Arcadia,ArcadiaUniversity,arcadiauniversity
1067,Bryn Mawr College,BMC,Bryn Mawr,BrynMawrCollege,BrynMawrCollege
1069,Cabrini College,CC,Cabrini,CabriniCollege,cabrini
1072,Carnegie Mellon University,CMU,Carnegie Mellon,CarnegieMellonUniversity,cmu
1074,Chatham University,CU,Chatham,ChathamUniversity,ChathamUniversity
1078,Delaware Valley College,DVC,Delaware Valley,DelawareValleyCollege,DVC
1080,Drexel University,DU,Drexel,DrexelUniversity,Drexel
1081,Duquesne University,DU,Duquesne,DuquesneUniversity,DuquesneUniversity
1085,Elizabethtown College,EC,Elizabethtown,ElizabethtownCollege,ElizabethtownCollege
1087,Gannon University,GU,Gannon,GannonUniversity,GannonUniversity
1089,Gettysburg College,GC,Gettysburg,GettysburgCollege,gettysburgcollege
1090,Gratz College,GC,Gratz,GratzCollege,gratz
1096,Juniata College,JC,Juniata,JuniataCollege,JuniataCollege
1100,La Roche College,LRC,La Roche,LaRocheCollege,LRC
1102,Lafayette College,LC,Lafayette,LafayetteCollege,lafayettecollege
1103,Lebanon Valley College,LVC,Lebanon Valley,LebanonValleyCollege,LebanonValleyCollege
1104,Lehigh University,LU,Lehigh,LehighUniversity,lehighuniversity
1106,Lock Haven University,LHU,Lock Haven,LockHavenUniversity,LHU
1109,Marywood University,MU,Marywood,MarywoodUniversity,marywood
1110,Mercyhurst University,MU,Mercyhurst,MercyhurstUniversity,MercyhurstUniversity
1114,Moravian College,MC,Moravian,MoravianCollege,MoravianCollege
1117,Neumann University,NU,Neumann,NeumannUniversity,neumannuniversity
1148,Robert Morris University,RMU,Robert Morris,RobertMorrisUniversity,RMU
1153,University of Scranton,UoS,Scranton,UniversityofScranton,universityofscranton
1154,Seton Hill University,SHU,Seton Hill,SetonHillUniversity,SHU
1167,Westminster College,WC,Westminster,WestminsterCollege,WestminsterCollege
1168,Widener University-Main Campus,WUMC,Widener,WidenerUniversity-MainCampus,Widener
1172,Brown University,BU,Brown,BrownUniversity,BrownUniversity
1173,Bryant University,BU,Bryant,BryantUniversity,bryant
1176,Providence College,PC,Providence,ProvidenceCollege,ProvidenceCollege
1180,Salve Regina University,SRU,Salve Regina,SalveReginaUniversity,SalveReginaUniversity
1182,Anderson University,AU,Anderson,AndersonUniversity,AndersonUniversity
1186,College of Charleston,CoC,Charleston,CollegeofCharleston,collegeofcharleston
1191,Columbia International University,CIU,Columbia International,ColumbiaInternationalUniversity,CIU
1192,Columbia College,CC,Columbia,ColumbiaCollege,columbia
1202,Presbyterian College,PC,Presbyterian,PresbyterianCollege,PresbyterianCollege
1210,Winthrop University,WU,Winthrop,WinthropUniversity,Winthrop
1211,Wofford College,WC,ford College,WoffordCollege,woffordcollege
1213,Black Hills State University,BHSU,Black Hills State,BlackHillsStateUniversity,BHSU
1214,Dakota State University,DSU,Dakota State,DakotaStateUniversity,DSU
1218,Presentation College,PC,Presentation,PresentationCollege,presentationcollege
1224,Belmont University,BU,Belmont,BelmontUniversity,BelmontUniversity
1230,Lipscomb University,LU,Lipscomb,LipscombUniversity,lipscomb
1231,East Tennessee State University,ETSU,East Tennessee State,EastTennesseeStateUniversity,ETSU
1234,Freed-Hardeman University,FHU,Freed-Hardeman,Freed-HardemanUniversity,FHU
1238,Lee University,LU,Lee,LeeUniversity,leeuniversity
1241,Maryville College,MC,Maryville,MaryvilleCollege,maryvillecollege
1242,University of Memphis,UoM,Memphis,UniversityofMemphis,universityofmemphis
1243,Middle Tennessee State University,MTSU,Middle Tennessee State,MiddleTennesseeStateUniversity,MTSU
1245,Rhodes College,RC,Rhodes,RhodesCollege,rhodescollege
1255,Tusculum College,TC,Tusculum,TusculumCollege,TusculumCollege
1256,Union University,UU,Union,UnionUniversity,unionuniversity
1257,Vanderbilt University,VU,Vanderbilt,VanderbiltUniversity,vanderbiltuniversity
1260,Austin College,AC,Austin,AustinCollege,AustinCollege
1261,Baylor University,BU,Baylor,BaylorUniversity,baylor
1262,Concordia University-Texas,CUT,Concordia,ConcordiaUniversity-Texas,Concordia
1265,University of Dallas,UoD,Dallas,UniversityofDallas,UniversityofDallas
1274,University of Houston,UoH,Houston,UniversityofHouston,UniversityOfHouston
1279,Lamar University,LU,Lamar,LamarUniversity,LamarUniversity
1282,Lubbock Christian University,LCU,Lubbock Christian,LubbockChristianUniversity,LCU
1292,Rice University,RU,Rice,RiceUniversity,riceuniversity
1294,University of St Thomas,UoST,St Thomas,UniversityofStThomas,UniversityOfStThomas
1297,St Mary's University,SMU,St Mary's,StMary'sUniversity,SMU
1298,Southern Methodist University,SMU,Southern Methodist,SouthernMethodistUniversity,SMU
1330,Dixie State University,DSU,Dixie State,DixieStateUniversity,dixiestateuniversity
1331,Southern Utah University,SUU,Southern Utah,SouthernUtahUniversity,SUU
1334,Utah State University,USU,Utah State,UtahStateUniversity,usu
1335,Utah Valley University,UVU,Utah Valley,UtahValleyUniversity,UVU
1336,University of Utah,UoU,Utah,UniversityofUtah,UniversityofUtah
1338,Westminster College,WC,Westminster,WestminsterCollege,WestminsterCollege
1339,Bennington College,BC,Bennington,BenningtonCollege,BenningtonCollege
1347,Marlboro College,MC,Marlboro,MarlboroCollege,marlborocollege
1348,Middlebury College,MC,Middlebury,MiddleburyCollege,middlebury
1349,Norwich University,NU,Norwich,NorwichUniversity,NorwichUniversity
1355,Vermont Technical College,VTC,Vermont Technical,VermontTechnicalCollege,VTC
1356,University of Vermont,UoV,Vermont,UniversityofVermont,UniversityofVermont
1359,Bridgewater College,BC,Bridgewater,BridgewaterCollege,bridgewatercollege
1361,Regent University,RU,Regent,RegentUniversity,RegentUniversity
1362,Christopher Newport University,CNU,Christopher Newport,ChristopherNewportUniversity,CNU
1364,Eastern Mennonite University,EMU,Eastern Mennonite,EasternMennoniteUniversity,emu
1366,George Mason University,GMU,George Mason,GeorgeMasonUniversity,gmu
1368,Hampton University,HU,Hampton,HamptonUniversity,HamptonUniversity
1371,Liberty University,LU,Liberty,LibertyUniversity,LibertyUniversity
1372,Longwood University,LU,Longwood,LongwoodUniversity,Longwood
1378,Old Dominion University,ODU,Old Dominion,OldDominionUniversity,ODU
1382,University of Richmond,UoR,Richmond,UniversityofRichmond,UniversityofRichmond
1383,Roanoke College,RC,Roanoke,RoanokeCollege,roanokecollege
1384,Shenandoah University,SU,Shenandoah,ShenandoahUniversity,ShenandoahUniversity
1411,Washington State University,WSU,Washington State,WashingtonStateUniversity,wsu
1413,Western Washington University,WWU,Western Washington,WesternWashingtonUniversity,WWU
1414,Whitman College,WC,Whitman,WhitmanCollege,WhitmanCollege
1415,Whitworth University,WU,Whitworth,WhitworthUniversity,whitworth
1417,Bethany College,BC,Bethany,BethanyCollege,BethanyCollege
1423,Glenville State College,GSC,Glenville State,GlenvilleStateCollege,GlenvilleStateCollege
1424,Marshall University,MU,Marshall,MarshallUniversity,MarshallUniversity
1428,West Virginia State University,WVSU,West Virginia State,WestVirginiaStateUniversity,wvsu
1431,West Virginia Wesleyan College,WVWC,West Virginia Wesleyan,WestVirginiaWesleyanCollege,wvwc
1432,West Virginia University,WVU,West Virginia,WestVirginiaUniversity,WVU
1435,Beloit College,BC,Beloit,BeloitCollege,beloitcollege
1438,Carthage College,CC,Carthage,CarthageCollege,CarthageCollege
1439,Concordia University-Wisconsin,CUW,Concordia,ConcordiaUniversity-Wisconsin,Concordia
1440,Edgewood College,EC,Edgewood,EdgewoodCollege,EdgewoodCollege
1442,Lawrence University,LU,Lawrence,LawrenceUniversity,lawrenceuniversity
1445,Marquette University,MU,Marquette,MarquetteUniversity,Marquette
1446,Milwaukee School of Engineering,MSoE,Engineering,MilwaukeeSchoolofEngineering,engineering
1449,Northland College,NC,Northland,NorthlandCollege,NorthlandCollege
1450,Ripon College,RC,Ripon,RiponCollege,RiponCollege
1468,University of Wyoming,UoW,Wyoming,UniversityofWyoming,UniversityofWyoming
1469,Stanford University,SU,Stanford,StanfordUniversity,stanford
1470,Purdue University-Main Campus,PUMC,Purdue,PurdueUniversity-MainCampus,Purdue
1483,California State University-San Marcos,CSUSM,California State,CaliforniaStateUniversity-SanMarcos,csusm
1502,Western Governors University,WGU,Western Governors,WesternGovernorsUniversity,WGU
1503,Florida Gulf Coast University,FGCU,Florida Gulf Coast,FloridaGulfCoastUniversity,fgcu
